,Unnamed: 0,Data d'inici,Municipis,Àmbit Territorial,Cens 2024,Percentatge població servida amb el PaP,Fraccions recollides PaP,Horari de Recollida,habitants servits amb el PaP
0,1.0,2005-11-17,ALIÓ,Alt Camp,504.0,91.0,4 [FO+R+P/C+E],nocturn,45864.0
1,2.0,2005-11-17,BRÀFIM,Alt Camp,696.0,100.0,4 [FO+R+P/C+E],nocturn,696.0
2,3.0,2005-11-17,PONT D'ARMENTERA,Alt Camp,498.0,100.0,4 [FO+R+P/C+E],nocturn,498.0
3,4.0,2005-11-17,RODONYÀ,Alt Camp,521.0,70.0,4 [FO+R+P/C+E],nocturn,36470.0
4,5.0,2005-11-17,VILABELLA,Alt Camp,723.0,100.0,4 [FO+R+P/C+E],nocturn,723.0
5,6.0,2005-12-21,CABRA DE CAMP,Alt Camp,1321.0,38.0,4 [FO+R+P/C+E],nocturn,50198.0
6,7.0,2005-12-21,EL MILÀ,Alt Camp,197.0,100.0,4 [FO+R+P/C+E],nocturn,197.0
7,8.0,2005-12-21,FIGUEROLA DEL CAMP,Alt Camp,345.0,94.0,4 [FO+R+P/C+E],nocturn,32430.0
8,9.0,2005-12-21,LA MASÓ,Alt Camp,288.0,100.0,4 [FO+R+P/C+E],nocturn,288.0
9,10.0,2005-12-21,NULLES,Alt Camp,552.0,98.0,4 [FO+R+P/C+E],nocturn,54096.0
10,11.0,2006-01-12,PLA DE SANTA MARIA,Alt Camp,2389.0,93.0,5 [FO+R+V+P/C+E],nocturn,2221.77
11,12.0,2006-02-13,PUIGPELAT,Alt Camp,1205.0,100.0,4 [FO+R+P/C+E],nocturn,1205.0
12,13.0,2010-04-10,VILA-RODONA,Alt Camp,1374.0,100.0,4 [FO+R+P/C+E],nocturn,1374.0
13,14.0,2016-07-10,MONTFERRI,Alt Camp,473.0,100.0,4 [FO+R+P/C+E],nocturn,473.0
14,15.0,2019-01-15,LA RIBA,Alt Camp,569.0,100.0,5 [FO+R+V+P/C+E],nocturn,569.0
15,16.0,2006-02-15,VILAJUÏGA,Alt Empordà,1179.0,100.0,5 [FO+R+V+P/C+E],nocturn,1179.0
16,17.0,2014-12-15,BIURE,Alt Empordà,223.0,100.0,2 [FO+R],diürn,223.0
17,18.0,2014-12-15,BOADELLA I LES ESCAULES,Alt Empordà,260.0,100.0,2 [FO+R],diürn,260.0
18,19.0,2014-12-15,DARNIUS,Alt Empordà,548.0,100.0,2 [FO+R],diürn,548.0
19,20.0,2014-12-15,MAÇANET DE CABRENYS,Alt Empordà,722.0,100.0,2 [FO+R],diürn,722.0
20,21.0,2014-12-15,TERRADES,Alt Empordà,345.0,100.0,2 [FO+R],diürn,345.0
21,22.0,2005-06-01,SANT SADURNÍ D'ANOIA,Alt Penedès,12915.0,94.0,4 [FO+R+P/C+E],nocturn,12140.1
22,23.0,2006-06-12,OLÈRDOLA,Alt Penedès,3946.0,100.0,4 [FO+R+P/C+E],nocturn,3946.0
23,24.0,2011-11-13,SANT QUINTÍ DE MEDIONA,Alt Penedès,2504.0,100.0,2 [FO+R],nocturn,2504.0
24,25.0,2012-11-05,SUBIRATS,Alt Penedès,3281.0,70.0,2 [FO+R],diürn,2296.7
25,26.0,2022-07-29,SANT PERE DE RIUDEBITLLES,Alt Penedès,2497.0,100.0,4 [FO+R+P/C+E],diürn,2497.0
26,27.0,2022-07-29,TORRELAVIT,Alt Penedès,1509.0,100.0,4 [FO+R+P/C+E],diürn,1509.0
27,28.0,2018-05-07,JORBA,Anoia,827.0,100.0,5 [FO+R+V+P/C+E],diürn,827.0
28,29.0,2018-05-07,SANT MARTÍ DE TOUS,Anoia,1275.0,100.0,5 [FO+R+V+P/C+E],diürn,1275.0
29,30.0,2018-05-14,CARME,Anoia,814.0,100.0,5 [FO+R+V+P/C+E],diürn,814.0
30,31.0,2018-05-14,ORPÍ,Anoia,178.0,100.0,5 [FO+R+V+P/C+E],diürn,178.0
31,32.0,2018-05-21,CASTELLOLÍ,Anoia,658.0,100.0,5 [FO+R+V+P/C+E],nocturn,658.0
32,33.0,2018-05-21,EL BRUC,Anoia,2288.0,100.0,5 [FO+R+V+P/C+E],nocturn,2288.0
33,34.0,2018-05-21,ELS PRATS DE REI,Anoia,553.0,100.0,5 [FO+R+V+P/C+E],nocturn,553.0
34,35.0,2018-06-04,LA POBLA DE CLARAMUNT,Anoia,2353.0,100.0,5 [FO+R+V+P/C+E],nocturn,2353.0
35,36.0,2018-06-04,LA TORRE DE CLARAMUNT,Anoia,4122.0,100.0,5 [FO+R+V+P/C+E],nocturn,4122.0
36,37.0,2018-06-18,CAPELLADES,Anoia,5567.0,100.0,5 [FO+R+V+P/C+E],nocturn,5567.0
37,38.0,2018-06-25,COPONS,Anoia,351.0,100.0,5 [FO+R+V+P/C+E],diürn,351.0
38,39.0,2021-05-25,CALAF,Anoia,3618.0,100.0,4 [FO+R+P/C+E],diürn,3618.0
39,40.0,2022-05-02,VALLBONA D'ANOIA,Anoia,1406.0,100.0,5 [FO+R+V+P/C+E],nocturn,1406.0
40,41.0,2022-11-02,HOSTALETS DE PIEROLA,Anoia,3231.0,100.0,5 [FO+R+V+P/C+E],diürn,3231.0
41,42.0,2004-12-11,SANTPEDOR,Bages,7716.0,94.0,4 [FO+R+P/C+E],nocturn,7253.04
42,43.0,2014-07-01,ARTÉS,Bages,6084.0,100.0,4 [FO+R+P/C+E],nocturn,6084.0
43,44.0,2017-06-29,NAVARCLES,Bages,6160.0,100.0,4 [FO+R+P/C+E],nocturn,6160.0
44,45.0,2018-01-26,NAVÀS,Bages,6185.0,100.0,4 [FO+R+P/C+E],nocturn,6185.0
45,46.0,2018-10-20,AVINYÓ,Bages,2313.0,100.0,4 [FO+R+P/C+E],nocturn,2313.0
46,47.0,2021-06-01,SANT FELIU SASSERRA,Bages,629.0,100.0,4 [FO+R+P/C+E],nocturn,629.0
47,48.0,2025-05-05,SANT FRUITÓS DEL BAGES,Bages,9248.0,,5 [FO+R+V+P/C+E],,
48,49.0,2022-05-04,CARDONA,Bages,4574.0,100.0,4 [FO+R+P/C+E],nocturn,4574.0
49,50.0,2000-10-23,RIUDECANYES,Baix Camp,1345.0,98.0,5 [FO+R+V+P/C+E],nocturn,1318.1
50,51.0,2018-01-22,COLLDEJOU,Baix Camp,160.0,100.0,4 [FO+R+P/C+E],nocturn,160.0
51,52.0,2018-01-22,DUESAIGÜES,Baix Camp,222.0,100.0,4 [FO+R+P/C+E],nocturn,222.0
52,53.0,2018-01-22,RIUDECOLS,Baix Camp,1232.0,100.0,4 [FO+R+P/C+E],nocturn,1232.0
53,54.0,2022-01-10,L'ALEIXAR,Baix Camp,962.0,100.0,4 [FO+R+P/C+E],nocturn,962.0
54,55.0,2022-01-10,L'ARGENTERA,Baix Camp,129.0,100.0,4 [FO+R+P/C+E],nocturn,129.0
55,56.0,2022-01-10,BOTARELL,Baix Camp,1174.0,100.0,4 [FO+R+P/C+E],nocturn,1174.0
56,57.0,2022-01-10,MASPUJOLS,Baix Camp,889.0,100.0,4 [FO+R+P/C+E],nocturn,889.0
57,58.0,2024-06-04,MONTROIG DE CAMP,Baix Camp,14114.0,,4 [FO+R+P/C+E],nocturn,
58,59.0,2022-01-10,VILANOVA D'ESCORNALBOU,Baix Camp,610.0,100.0,4 [FO+R+P/C+E],nocturn,610.0
59,60.0,2022-01-10,VINYOLS I ELS ARCS,Baix Camp,2400.0,100.0,4 [FO+R+P/C+E],nocturn,2400.0
60,61.0,2022-11-14,ALMOSTER,Baix Camp,1338.0,100.0,4 [FO+R+P/C+E],nocturn,1338.0
61,62.0,2022-11-14,L'ALBIOL,Baix Camp,537.0,100.0,4 [FO+R+P/C+E],nocturn,537.0
62,63.0,2022-11-14,CASTELLVELL DEL CAMP,Baix Camp,2995.0,100.0,4 [FO+R+P/C+E],nocturn,2995.0
63,64.0,2022-11-14,PRATDIP,Baix Camp,759.0,100.0,4 [FO+R+P/C+E],nocturn,759.0
64,65.0,2023-01-24,VANDELLÒS I L'HOSPITALET DE L'INFANT,Baix Camp,7104.0,30.0,4 [FO+R+P/C+E],nocturn,2131.2
65,66.0,2023-03-06,PRADES,Baix Camp,665.0,100.0,4 [FO+R+P/C+E],nocturn,665.0
66,67.0,2025-04-07,REUS,Baix Camp,109930.0,,4 [FO+R+P/C+E],nocturn,
67,68.0,2019-08-26,PAÜLS,Baix Ebre,544.0,100.0,5 [FO+R+V+P/C+E],diürn,544.0
68,69.0,2020-05-04,BENIFALLET,Baix Ebre,718.0,100.0,5 [FO+R+V+P/C+E],diürn,718.0
69,70.0,2021-05-17,TIVENYS,Baix Ebre,936.0,100.0,,,936.0
70,71.0,2021-05-19,ALDOVER,Baix Ebre,880.0,100.0,5 [FO+R+V+P/C+E],diürn,880.0
71,72.0,2024-11-13,TORTOSA,Baix Ebre,35265.0,,,,
72,73.0,2010-06-17,PALAFRUGELL,Baix Empordà,24300.0,8.0,5 [FO+R+V+P/C+E],nocturn,1944.0
73,74.0,2017-02-03,BEGUR,Baix Empordà,4245.0,100.0,5 [FO+R+V+P/C+E],nocturn,4245.0
74,75.0,2018-06-01,CORÇÀ,Baix Empordà,1282.0,100.0,5 [FO+R+V+P/C+E],nocturn,1282.0
75,76.0,2018-10-08,VERGES,Baix Empordà,1187.0,100.0,5 [FO+R+V+P/C+E],nocturn,1187.0
76,77.0,2019-03-25,FORALLAC,Baix Empordà,1713.0,18.0,5 [FO+R+V+P/C+E],nocturn,30834.0
77,78.0,2019-06-01,CALONGE I SANT ANTONI,Baix Empordà,12316.0,65.0,5 [FO+R+V+P/C+E],nocturn,8005.4
78,79.0,2020-10-05,ALBONS,Baix Empordà,830.0,100.0,5 [FO+R+V+P/C+E],nocturn,830.0
79,80.0,2022-12-01,SANTA CRISTINA D'ARO,Baix Empordà,5866.0,55.0,5 [FO+R+V+P/C+E],nocturn,3226.3
80,81.0,2023-04-11,MONT-RAS,Baix Empordà,1690.0,100.0,5 [FO+R+V+P/C+E],nocturn,1690.0
81,82.0,2003-01-14,TORRELLES DE LLOBREGAT,Baix Llobregat,6155.0,100.0,3 [FO+P/C+FIRM],nocturn,6155.0
82,83.0,2010-10-26,COLLBATÓ,Baix Llobregat,4849.0,100.0,4 [FO+R+P/C+E],nocturn,4849.0
83,84.0,2022-02-01,CORBERA DE LLOBREGAT,Baix Llobregat,15726.0,54.0,3 [FO+P/C+FIRM],diürn,8492.04
84,85.0,2022-11-02,SANTA COLOMA DE CERVELLÓ,Baix Llobregat,8335.0,100.0,4 [FO+R+P/C+E],nocturn,8335.0
85,86.0,2024-03-01,CUNIT,Baix Penedès,15804.0,,4 [FO+R+P/C+E],nocturn,
86,87.0,2009-03-30,L'ARBOÇ,Baix Penedès,5758.0,100.0,4 [FO+R+P/C+E],nocturn,5758.0
87,88.0,2010-05-17,LA BISBAL DEL PENEDÈS,Baix Penedès,4168.0,39.0,4 [FO+R+P/C+E],nocturn,1625.52
88,89.0,2010-05-31,SANT JAUME DELS DOMENYS,Baix Penedès,2803.0,95.0,2 [FO+R],nocturn,2662.85
89,90.0,2020-11-15,"VENDRELL (1ra fase implantació a 3 nuclis del municipi: Nou Vendrell, Sant Vicenç de Calders i Torreblanca, previsió 2023 a tot el municipi)",Baix Penedès,40440.0,3.0,4 [FO+R+P/C+E],nocturn,1213.2
90,91.0,2022-03-15,SANTA OLIVA,Baix Penedès,3672.0,100.0,4 [FO+R+P/C+E],nocturn,3672.0
91,92.0,2022-10-01,LLORENÇ DEL PENEDÈS,Baix Penedès,2431.0,100.0,5 [FO+R+V+P/C+E],diürn,2431.0
92,93.0,2018-02-19,Barri Sarrià (Barcelona). Maig 2021 inici primera fase implantació barri Sant Andreu,Barcelonès,1702547.0,1.0,4 [FO+R+P/C+E],nocturn,17025.47
93,94.0,2018-10-14,BAGÀ,Berguedà,2182.0,100.0,4 [FO+R+P/C+E],diürn,2182.0
94,95.0,2018-10-14,CASSERRES,Berguedà,1676.0,100.0,4 [FO+R+P/C+E],diürn,1676.0
95,96.0,2018-10-14,CERCS,Berguedà,1193.0,100.0,4 [FO+R+P/C+E],diürn,1193.0
96,97.0,2018-10-14,GIRONELLA,Berguedà,5055.0,100.0,4 [FO+R+P/C+E],nocturn,5055.0
97,98.0,2018-10-14,GUARDIOLA DE BERGUEDÀ,Berguedà,953.0,100.0,4 [FO+R+P/C+E],diürn,953.0
98,99.0,2018-10-14,LA POBLA DE LILLET,Berguedà,1109.0,100.0,4 [FO+R+P/C+E],diürn,1109.0
99,100.0,2018-10-14,OLVAN,Berguedà,913.0,100.0,4 [FO+R+P/C+E],diürn,913.0
100,101.0,2018-10-14,PUIG-REIG,Berguedà,4489.0,100.0,4 [FO+R+P/C+E],nocturn,4489.0
101,102.0,2018-10-14,SANT JULIÀ DE CERDANYOLA,Berguedà,232.0,100.0,4 [FO+R+P/C+E],diürn,232.0
102,103.0,2018-11-04,AVIÀ,Berguedà,2243.0,100.0,4 [FO+R+P/C+E],diürn,2243.0
103,104.0,2018-11-04,BERGA,Berguedà,17160.0,100.0,4 [FO+R+P/C+E],nocturn,17160.0
104,105.0,2018-11-04,VILADA,Berguedà,443.0,100.0,4 [FO+R+P/C+E],diürn,443.0
105,106.0,2018-10-01,MONTBLANC,Conca de Barberà,7550.0,95.0,4 [FO+R+P/C+E],nocturn,7172.5
106,107.0,2018-10-01,SANTA COLOMA DE QUERALT,Conca de Barberà,2800.0,98.0,4 [FO+R+P/C+E],nocturn,2744.0
107,108.0,2020-10-01,SARRAL,Conca de Barberà,1583.0,96.0,4 [FO+R+P/C+E],nocturn,1519.68
108,109.0,2020-10-05,BARBERÀ DE LA CONCA,Conca de Barberà,471.0,98.0,4 [FO+R+P/C+E],nocturn,46158.0
109,110.0,2020-10-05,VILAVERD,Conca de Barberà,468.0,100.0,4 [FO+R+P/C+E],nocturn,468.0
110,111.0,2020-10-19,ESPLUGA DE FRANCOLÍ,Conca de Barberà,3817.0,100.0,4 [FO+R+P/C+E],nocturn,3817.0
111,112.0,2020-10-19,VIMBODÍ I POBLET,Conca de Barberà,893.0,100.0,4 [FO+R+P/C+E],nocturn,893.0
112,113.0,2020-10-01,CÒGUL,Garrigues,161.0,100.0,5 [FO+R+V+P/C+E],diürn,161.0
113,114.0,2021-03-15,GRANADELLA,Garrigues,758.0,100.0,4 [FO+R+P/C+E],diürn,758.0
114,115.0,2022-04-03,ARBECA,Garrigues,2081.0,100.0,4 [FO+R+P/C+E],nocturn,2081.0
115,116.0,2022-04-03,CERVIÀ DE LES GARRIGUES,Garrigues,641.0,100.0,4 [FO+R+P/C+E],nocturn,641.0
116,117.0,2022-04-03,LA FLORESTA,Garrigues,164.0,100.0,4 [FO+R+P/C+E],nocturn,164.0
117,118.0,2022-05-02,JUNEDA,Garrigues,3473.0,100.0,4 [FO+R+P/C+E],nocturn,3473.0
118,119.0,2022-05-02,PUIGGRÒS,Garrigues,258.0,100.0,4 [FO+R+P/C+E],nocturn,258.0
119,120.0,2018-10-15,BESALÚ,Garrotxa,2583.0,100.0,5 [FO+R+V+P/C+E],diürn,2583.0
120,121.0,2021-12-01,AIGUAVIVA,Gironès,802.0,100.0,5 [FO+R+V+P/C+E],nocturn,802.0
121,122.0,2022-03-15,BESCANÓ,Gironès,5141.0,100.0,5 [FO+R+V+P/C+E],nocturn,5141.0
122,123.0,2022-04-01,BORDILS,Gironès,1804.0,100.0,5 [FO+R+V+P/C+E],nocturn,1804.0
123,124.0,2021-12-01,CAMPLLONG,Gironès,544.0,100.0,5 [FO+R+V+P/C+E],nocturn,544.0
124,125.0,2024-12-01,CASSÀ DE LA SELVA,Gironès,10943.0,100.0,5 [FO+R+V+P/C+E],nocturn,10943.0
125,126.0,2013-04-26,CELRÀ,Gironès,5561.0,100.0,4 [FO+R+P/C+E],nocturn,5561.0
126,127.0,2022-04-01,CERVIÀ DE TER,Gironès,997.0,100.0,5 [FO+R+V+P/C+E],nocturn,997.0
127,128.0,2022-04-01,FLAÇÀ,Gironès,1145.0,100.0,5 [FO+R+V+P/C+E],nocturn,1145.0
128,129.0,2022-03-01,FORNELLS DE LA SELVA,Gironès,2781.0,100.0,5 [FO+R+V+P/C+E],nocturn,2781.0
129,130.0,2017-05-22,GIRONA (Barri de Sant Daniel),Gironès,107032.0,1.0,4 [FO+R+P/C+E],nocturn,1070.32
130,131.0,2022-04-01,JUIÀ,Gironès,342.0,100.0,5 [FO+R+V+P/C+E],nocturn,342.0
131,132.0,2004-05-17,LLAGOSTERA,Gironès,9508.0,75.0,4 [FO+R+P/C+E],nocturn,7131.0
132,133.0,2022-03-01,LLAMBILLES,Gironès,730.0,100.0,5 [FO+R+V+P/C+E],nocturn,730.0
133,134.0,2022-03-01,QUART,Gironès,4099.0,100.0,5 [FO+R+V+P/C+E],nocturn,4099.0
134,135.0,2021-12-01,SANT GREGORI,Gironès,4243.0,100.0,5 [FO+R+V+P/C+E],nocturn,4243.0
135,136.0,2022-04-01,SANT JOAN DE MOLLET,Gironès,526.0,100.0,5 [FO+R+V+P/C+E],nocturn,526.0
136,137.0,2023-12-04,SANT JORDI DESVALLS,Gironès,871.0,100.0,5 [FO+R+V+P/C+E],nocturn,871.0
137,138.0,2022-05-01,SANT JULIÀ DE RAMIS I MEDINYÀ,Gironès,3644.0,100.0,5 [FO+R+V+P/C+E],nocturn,3644.0
138,139.0,2022-05-01,SARRIÀ DE TER,Gironès,5392.0,100.0,5 [FO+R+V+P/C+E],nocturn,5392.0
139,140.0,2013-10-21,VILABLAREIX,Gironès,3772.0,100.0,5 [FO+R+V+P/C+E],nocturn,3772.0
140,141.0,2023-04-02,ANGLÈS,La Selva,5969.0,100.0,4 [FO+R+P/C+E],nocturn,5969.0
141,142.0,2004-12-01,BLANES,La Selva,42198.0,29.0,2 [FO+R],diürn,12237.42
142,143.0,2022-05-09,LA CELLERA DE TER,La Selva,2014.0,100.0,4 [FO+R+P/C+E],nocturn,2014.0
143,144.0,2017-11-13,SANT HILARI SACALM,La Selva,5982.0,100.0,4 [FO+R+P/C+E],nocturn,5982.0
144,145.0,2017-11-26,BREDA,La Selva,3930.0,94.0,4 [FO+R+P/C+E],nocturn,3694.2
145,146.0,2017-11-26,RIUDELLOTS DE LA SELVA,La Selva,2142.0,83.0,4 [FO+R+P/C+E],nocturn,1777.86
146,147.0,2018-05-29,VILOBÍ D'ONYAR,La Selva,3315.0,100.0,4 [FO+R+P/C+E],diürn,3315.0
147,148.0,2021-02-08,SILS,La Selva,6720.0,100.0,5 [FO+R+V+P/C+E],nocturn,6720.0
148,149.0,2021-03-15,CALDES DE MALAVELLA,La Selva,8509.0,569.0,5 [FO+R+V+P/C+E],nocturn,4841.62
149,150.0,2021-04-18,HOSTALRIC,La Selva,4446.0,100.0,5 [FO+R+V+P/C+E],nocturn,4446.0
150,151.0,2022-06-07,AMER,La Selva,2415.0,100.0,4 [FO+R+P/C+E],nocturn,2415.0
151,152.0,2022-09-19,SANT JULIÀ DE LLOR I BONMATÍ,La Selva,1373.0,100.0,5 [FO+R+V+P/C+E],diürn,1373.0
152,153.0,2022-11-14,SANTA COLOMA DE FARNERS,La Selva,13657.0,100.0,5 [FO+R+V+P/C+E],,13657.0
153,154.0,2023-03-01,VIDRERES,La Selva,8538.0,62.0,5 [FO+R+V+P/C+E],nocturn i el vidre diürn,5293.56
154,155.0,2023-04-01,SANT FELIU DE BUIXALLEU,La Selva,878.0,100.0,4 [FO+R+P/C+E],"nocturn nucli urbà, diürn nucli rural",878.0
155,156.0,2019-04-30,OSOR,La Selva,418.0,100.0,3 [E+P/C+R],nocturn,418.0
156,157.0,2022-10-04,RIUDARENES,La Selva,2445.0,85.0,4 [FO+R+P/C+E],nocturn,2078.25
157,158.0,2013-11-18,OLOST,Lluçanès,1216.0,100.0,3 [FO+MP+R],nocturn,1216.0
158,159.0,2016-10-03,PRATS DE LLUÇANÈS,Lluçanès,2688.0,100.0,3 [FO+MP+R],nocturn,2688.0
159,160.0,2000-06-05,TIANA,Maresme,9305.0,100.0,2 [FO+R],nocturn,9305.0
160,161.0,2002-10-28,ARENYS DE MUNT,Maresme,9458.0,91.0,4 [FO+R+P/C+E],nocturn,8606.78
161,162.0,2003-02-03,SANT ANDREU DE LLAVANERES,Maresme,11933.0,100.0,4 [FO+R+P/C+E],nocturn,11933.0
162,163.0,2004-06-16,ARGENTONA,Maresme,12844.0,974.0,4 [FO+R+P/C+E],nocturn,12510.06
163,164.0,2005-05-02,CANET DE MAR,Maresme,15140.0,100.0,4 [FO+R+P/C+E],nocturn,15140.0
164,165.0,2009-09-16,SANT POL DE MAR,Maresme,5834.0,77.0,5 [FO+R+V+P/C+E],nocturn,4492.18
165,166.0,2011-01-31,ARENYS DE MAR,Maresme,16642.0,52.0,4 [FO+R+P/C+E],nocturn,8653.84
166,167.0,2018-02-19,DOSRIUS,Maresme,6142.0,100.0,4 [FO+R+P/C+E],nocturn,6142.0
167,168.0,2022-10-30,MATARÓ,Maresme,131798.0,2.0,5 [FO+R+V+P/C+E],nocturn,2635.96
168,169.0,2008-12-01,CASTELLTERÇOL,Moianès,2773.0,100.0,4 [FO+R+P/C+E],diürn,2773.0
169,170.0,2009-05-29,SANTA MARIA D'OLÓ,Moianès,1077.0,100.0,4 [FO+R+P/C+E],nocturn,1077.0
170,171.0,2014-06-30,COLLSUSPINA,Moianès,389.0,100.0,3 [FO+MP+R],diürn,389.0
171,172.0,2018-10-08,SANT QUIRZE SAFAJA,Moianès,669.0,100.0,5 [FO+R+V+P/C+E],nocturn,669.0
172,173.0,2019-03-07,CALDERS,Moianès,1114.0,100.0,4 [FO+R+P/C+E],nocturn,1114.0
173,174.0,2019-10-15,L'ESTANY,Moianès,401.0,100.0,4 [FO+R+P/C+E],nocturn,401.0
174,175.0,2021-05-01,MONISTROL DE CALDERS,Moianès,761.0,100.0,5 [FO+R+V+P/C+E],nocturn,761.0
175,176.0,2000-10-01,TONA,Osona,8511.0,98.0,3 [FO+MP+R],nocturn,8340.78
176,177.0,2001-05-02,BALENYÀ,Osona,4036.0,100.0,3 [FO+MP+R],nocturn,4036.0
177,178.0,2002-02-05,TARADELL,Osona,6844.0,98.0,3 [FO+MP+R],nocturn i diürn segons barris,6707.12
178,179.0,2002-03-05,CALLDETENES,Osona,2690.0,100.0,3 [FO+MP+R],nocturn,2690.0
179,180.0,2002-04-01,VILADRAU,Osona,1172.0,100.0,3 [FO+MP+R],nocturn,1172.0
180,181.0,2002-05-06,FOLGUEROLES,Osona,2263.0,100.0,3 [FO+MP+R],nocturn,2263.0
181,182.0,2024-02-21,GURB,Osona,2712.0,100.0,3 [FO+MP+R],nocturn,2712.0
182,183.0,2005-03-02,SEVA,Osona,3798.0,100.0,3 [FO+MP+R],diürn,3798.0
183,184.0,2005-10-01,RODA DE TER,Osona,6900.0,100.0,3 [FO+MP+R],nocturn,6900.0
184,185.0,2006-06-01,MALLA,Osona,272.0,100.0,3 [FO+MP+R],diürn,272.0
185,186.0,2024-03-14,SANT BOI DE LLUÇANÈS,Osona,575.0,100.0,3 [FO+MP+R],nocturn,575.0
186,187.0,2006-11-25,SANTA EULÀLIA DE RIUPRIMER,Osona,1487.0,94.0,3 [FO+MP+R],diürn,1397.78
187,188.0,2006-12-18,EL BRULL,Osona,293.0,37.0,3 [FO+MP+R],nocturn,10841.0
188,189.0,2008-10-26,SANT MARTÍ DE CENTELLES,Osona,1259.0,92.0,3 [FO+MP+R],nocturn,1158.28
189,190.0,2023-11-06,SANT PERE DE TORELLÓ,Osona,2592.0,100.0,3 [FO+MP+R],diürn,2592.0
190,191.0,2008-10-26,SANTA EUGÈNIA DE BERGA,Osona,2308.0,97.0,3 [FO+MP+R],nocturn,2238.76
191,192.0,2011-05-02,ESPINELVES,Osona,254.0,96.0,4 [FO+MP+V+R],nocturn,24384.0
192,193.0,2024-02-14,SANT QUIRZE DE BESORA,Osona,2115.0,100.0,4 [FO+MP+V+R],nocturn,2115.0
193,194.0,2024-06-18,MONTESQUIU,Osona,1099.0,100.0,4 [FO+MP+V+R],nocturn,1099.0
194,195.0,2015-02-02,SANT VICENÇ DE TORELLÓ,Osona,2092.0,83.0,3 [FO+MP+R],nocturn,1736.36
195,196.0,2017-05-08,MUNTANYOLA,Osona,712.0,100.0,3 [FO+MP+R],diürn,712.0
196,197.0,2017-11-19,SANT JULIÀ DE VILATORTA,Osona,3297.0,100.0,3 [FO+MP+R],nocturn,3297.0
197,198.0,2018-11-18,ESQUIROL,Osona,2277.0,100.0,4 [FO+MP+V+R],nocturn,2277.0
198,199.0,2020-10-05,LES MASIES DE RODA,Osona,750.0,100.0,2 [MP+R],nocturn,750.0
199,200.0,2022-02-08,SANT HIPÒLIT DE VOLTEGRÀ,OSONA,3687.0,100.0,4 [FO+MP+V+R],nocturn,3687.0
200,201.0,2022-11-01,MANLLEU,Osona,21348.0,100.0,3 [FO+MP+R],nocturn,21348.0
201,202.0,2024-05-22,"VIC (veïnat de Sentfores, la Guixà, i barris de Sant Llàtzer i Quatre estacions)",Osona,49530.0,,3 [FO+MP+R],nocturn,
202,203.0,2015-03-18,ESTERRI DE CARDÓS,Pallars Sobirà,63.0,100.0,5 [FO+R+V+P/C+E],diürn,63.0
203,204.0,2015-03-18,LLADORRE,Pallars Sobirà,254.0,100.0,5 [FO+R+V+P/C+E],diürn,254.0
204,205.0,2015-03-18,VALL DE CARDÓS,Pallars Sobirà,375.0,100.0,5 [FO+R+V+P/C+E],diürn,375.0
205,206.0,2015-03-22,SORT,Pallars Sobirà,2213.0,100.0,5 [FO+R+V+P/C+E],diürn,2213.0
206,207.0,2015-03-23,ALINS,Pallars Sobirà,275.0,100.0,5 [FO+R+V+P/C+E],diürn,275.0
207,208.0,2015-03-25,SORIGUERA,Pallars Sobirà,444.0,100.0,5 [FO+R+V+P/C+E],diürn,444.0
208,209.0,2015-03-27,LLAVORSÍ,Pallars Sobirà,336.0,100.0,5 [FO+R+V+P/C+E],diürn,336.0
209,210.0,2015-03-29,RIALP,Pallars Sobirà,664.0,100.0,5 [FO+R+V+P/C+E],diürn,664.0
210,211.0,2015-04-15,ALT ÀNEU,Pallars Sobirà,455.0,100.0,5 [FO+R+V+P/C+E],diürn,455.0
211,212.0,2015-04-15,ESTERRI D'ÀNEU,Pallars Sobirà,921.0,100.0,5 [FO+R+V+P/C+E],diürn,921.0
212,213.0,2015-04-16,LA GUINGUETA D'ÀNEU,Pallars Sobirà,285.0,100.0,5 [FO+R+V+P/C+E],diürn,285.0
213,214.0,2015-05-11,ESPOT,Pallars Sobirà,379.0,100.0,5 [FO+R+V+P/C+E],diürn,379.0
214,215.0,2021-10-04,BAIX PALLARS (GERRI DE LA SAL),Pallars Sobirà,340.0,100.0,5 [FO+R+V+P/C+E],diürn,340.0
215,216.0,2018-02-16,CAMÓS,Pla de l'Estany,711.0,75.0,4 [FO+R+P/C+E],nocturn,53325.0
216,217.0,2018-02-16,PORQUERES,Pla de l'Estany,4804.0,94.0,4 [FO+R+P/C+E],nocturn,4515.76
217,218.0,2022-06-13,ESPONELLÀ,Pla de l'Estany,438.0,83.0,4 [FO+R+P/C+E],nocturn,36354.0
218,219.0,2022-06-13,SERINYÀ,Pla de l'Estany,1198.0,100.0,4 [FO+R+P/C+E],nocturn,1198.0
219,220.0,2022-06-14,CORNELLÀ DE TERRI,Pla de l'Estany,2390.0,73.0,4 [FO+R+P/C+E],nocturn,1744.7
220,221.0,2022-06-14,FONTCOBERTA,Pla de l'Estany,1503.0,100.0,4 [FO+R+P/C+E],nocturn,1503.0
221,222.0,2003-04-08,LA FIGUERA,Priorat,122.0,100.0,2 [FO+R],diürn,122.0
222,223.0,2004-11-15,FALSET,Priorat,2856.0,97.0,5 [FO+R+V+P/C+E],nocturn,2770.32
223,224.0,2004-11-29,EL MASROIG,Priorat,480.0,97.0,5 [FO+R+V+P/C+E],diürn,46560.0
224,225.0,2006-01-02,LA TORRE DE FONTAUBELLA,Priorat,119.0,100.0,5 [FO+R+V+P/C+E],diürn,119.0
225,226.0,2006-03-15,ULLDEMOLINS,Priorat,416.0,100.0,5 [FO+R+V+P/C+E],diürn,416.0
226,227.0,2006-04-12,CORNUDELLA DE MONTSANT,Priorat,1023.0,100.0,5 [FO+R+V+P/C+E],diürn,1023.0
227,228.0,2007-12-01,PORRERA,Priorat,417.0,100.0,5 [FO+R+V+P/C+E],diürn,417.0
228,229.0,2008-07-01,GRATALLOPS,Priorat,229.0,100.0,5 [FO+R+V+P/C+E],diürn,229.0
229,230.0,2008-08-01,LA MORERA DE MONTSANT,Priorat,138.0,92.0,5 [FO+R+V+P/C+E],diürn,12696.0
230,231.0,2008-12-01,BELLMUNT DEL PRIORAT,Priorat,298.0,100.0,5 [FO+R+V+P/C+E],diürn,298.0
231,232.0,2009-07-20,CABACÉS,Priorat,302.0,100.0,2 [FO+R],diürn,302.0
232,233.0,2009-11-23,ELS GUIAMETS,Priorat,258.0,100.0,2 [FO+R],diürn,258.0
233,234.0,2010-03-09,CAPÇANES,Priorat,428.0,97.0,5 [FO+R+V+P/C+E],nocturn,41516.0
234,235.0,2010-04-19,POBOLEDA,Priorat,334.0,100.0,5 [FO+R+V+P/C+E],diürn,334.0
235,236.0,2012-06-04,PRADELL DE LA TEIXETA,Priorat,178.0,82.0,5 [FO+R+V+P/C+E],diürn,14596.0
236,237.0,2013-04-08,LA VILELLA BAIXA,Priorat,207.0,100.0,2 [FO+R],diürn,207.0
237,238.0,2014-05-01,MARGALEF,Priorat,106.0,100.0,,diürn,106.0
238,239.0,2022-06-01,MARÇÀ,Priorat,598.0,100.0,4 [FO+R+P/C+E],nocturn,598.0
239,240.0,2004-04-15,MIRAVET,Ribera d'Ebre,688.0,100.0,2 [FO+R],diürn,688.0
240,241.0,2004-06-07,GARCIA,Ribera d'Ebre,543.0,100.0,5 [FO+R+V+P/C+E],diürn,543.0
241,242.0,2004-10-11,RASQUERA,Ribera d'Ebre,792.0,100.0,5 [FO+R+V+P/C+E],diürn,792.0
242,243.0,2006-02-15,LA TORRE DE L'ESPANYOL,Ribera d'Ebre,631.0,100.0,5 [FO+R+V+P/C+E],diürn,631.0
243,244.0,2006-03-02,GINESTAR,Ribera d'Ebre,794.0,100.0,2 [FO+R],diürn,794.0
244,245.0,2006-06-01,TIVISSA,Ribera d'Ebre,1632.0,100.0,2 [FO+R],nocturn,1632.0
245,246.0,2016-01-18,VINEBRE,Ribera d'Ebre,424.0,100.0,4 [FO+R+P/C+E],,424.0
246,247.0,2016-10-10,RIBA-ROJA D'EBRE,Ribera d'Ebre,1128.0,100.0,4 [FO+R+P/C+E],nocturn,1128.0
247,248.0,2021-08-21,MORA LA NOVA,Ribera d'Ebre,3314.0,100.0,4 [FO+R+P/C+E],nocturn,3314.0
248,249.0,2022-01-31,FLIX,Ribere d'Ebre,3324.0,100.0,4 [FO+R+P/C+E],,3324.0
249,250.0,2005-10-17,SANT JOAN DE LES ABADESSES,Ripollès,3375.0,97.0,5 [FO+R+V+P/C+E],nocturn,3273.75
250,251.0,2002-03-08,CERVERA,Segarra,9533.0,100.0,4 [FO+R+P/C+E],nocturn,9533.0
251,252.0,2002-05-14,GUISSONA,Segarra,7635.0,100.0,4 [FO+R+P/C+E],nocturn,7635.0
252,253.0,2002-06-18,SANT GUIM DE FREIXENET,Segarra,1222.0,100.0,4 [FO+R+P/C+E],nocturn,1222.0
253,254.0,2002-06-18,TORÀ,Segarra,1207.0,100.0,4 [FO+R+P/C+E],nocturn,1207.0
254,255.0,2019-02-19,SANAÜJA,Segarra,379.0,100.0,4 [FO+R+P/C+E],nocturn,379.0
255,256.0,2019-03-19,SANT RAMON,Segarra,495.0,100.0,4 [FO+R+P/C+E],nocturn,495.0
256,257.0,2021-05-03,TARROJA DE LA SEGARRA,Segarra,170.0,100.0,4 [FO+R+P/C+E],nocturn,170.0
257,258.0,2005-11-01,ARTESA DE LLEIDA,Segrià,1539.0,100.0,5 [FO+R+V+P/C+E],nocturn,1539.0
258,259.0,2018-10-01,ASPA,Segrià,220.0,100.0,5 [FO+R+V+P/C+E],nocturn,220.0
259,260.0,2018-10-01,CORBINS,Segrià,1502.0,100.0,5 [FO+R+V+P/C+E],nocturn,1502.0
260,261.0,2018-10-01,ELS ALAMÚS,Segrià,800.0,100.0,5 [FO+R+V+P/C+E],nocturn,800.0
261,262.0,2018-10-01,LA PORTELLA,Segrià,735.0,100.0,5 [FO+R+V+P/C+E],nocturn,735.0
262,263.0,2018-10-01,PUIGVERD DE LLEIDA,Segrià,1418.0,100.0,5 [FO+R+V+P/C+E],nocturn,1418.0
263,264.0,2018-10-01,SUNYER,Segrià,313.0,100.0,5 [FO+R+V+P/C+E],nocturn,313.0
264,265.0,2018-10-15,MONTOLIU DE LLEIDA,Segrià,475.0,100.0,5 [FO+R+V+P/C+E],nocturn,475.0
265,266.0,2018-10-15,SERÒS,Segrià,1902.0,100.0,5 [FO+R+V+P/C+E],nocturn,1902.0
266,267.0,2018-10-15,SOSES,Segrià,1881.0,100.0,5 [FO+R+V+P/C+E],nocturn,1881.0
267,268.0,2018-10-15,SUDANELL,Segrià,897.0,100.0,5 [FO+R+V+P/C+E],nocturn,897.0
268,269.0,2018-10-29,ALMATRET,Segrià,305.0,100.0,5 [FO+R+V+P/C+E],nocturn,305.0
269,270.0,2018-10-29,LA GRANJA D'ESCARP,Segrià,943.0,100.0,5 [FO+R+V+P/C+E],nocturn,943.0
270,271.0,2018-10-29,LLARDECANS,Segrià,428.0,100.0,5 [FO+R+V+P/C+E],nocturn,428.0
271,272.0,2018-10-29,MAIALS,Segrià,921.0,100.0,5 [FO+R+V+P/C+E],nocturn,921.0
272,273.0,2018-10-29,MASSALCOREIG,Segrià,584.0,100.0,5 [FO+R+V+P/C+E],nocturn,584.0
273,274.0,2018-10-29,SARROCA DE LLEIDA,Segrià,381.0,100.0,5 [FO+R+V+P/C+E],nocturn,381.0
274,275.0,2018-10-29,TORREBESSES,Segrià,273.0,100.0,5 [FO+R+V+P/C+E],nocturn,273.0
275,276.0,2018-11-05,LLEIDA (Vila Montcada i Ciutat Jardí) ampliació 14 de març 2021 Pardinyes i Balafia,Segrià,144379.0,8.0,3 [FO+MP+R],nocturn,11550.32
276,277.0,2018-11-19,ALFARRÀS,Segrià,2778.0,100.0,5 [FO+R+V+P/C+E],nocturn,2778.0
277,278.0,2018-11-19,ALGUAIRE,Segrià,2986.0,100.0,5 [FO+R+V+P/C+E],nocturn,2986.0
278,279.0,2018-11-19,ALMENAR,Segrià,3338.0,100.0,5 [FO+R+V+P/C+E],nocturn,3338.0
279,280.0,2018-12-10,ALCARRÀS,Segrià,10018.0,100.0,5 [FO+R+V+P/C+E],nocturn,10018.0
280,281.0,2012-11-12,SANT LLORENÇ DE MORUNYS,Solsonès,1003.0,100.0,4 [FO+R+P/C+E],diürn,1003.0
281,282.0,2018-08-01,OLIUS,Solsonès,1003.0,83.0,5 [FO+R+V+P/C+E],nocturn,83249.0
282,283.0,2020-09-29,GUIXERS,Solsonès,134.0,51.0,4 [FO+R+P/C+E],,6834.0
283,284.0,2021-11-15,SOLSONA,Solsonès,9480.0,100.0,5 [FO+R+V+P/C+E],nocturn,9480.0
284,285.0,2009-03-16,TORREDEMBARRA,Tarragonès,17984.0,12.0,5 [FO+R+V+P/C+E],nocturn,2158.08
285,286.0,2022-10-24,ALTAFULLA,Tarragonès,5838.0,5.0,5 [FO+R+V+P/C+E],diürn,29190.0
286,287.0,2002-06-10,BATEA,Terra Alta,1877.0,100.0,5 [FO+R+V+P/C+E],nocturn,1877.0
287,288.0,2004-10-04,LA FATARELLA,Terra Alta,852.0,100.0,5 [FO+R+V+P/C+E],diürn,852.0
288,289.0,2006-06-01,GANDESA,Terra Alta,3166.0,100.0,4 [FO+R+P/C+E],nocturn,3166.0
289,290.0,2009-04-01,ARNES,Terra Alta,463.0,100.0,5 [FO+R+V+P/C+E],diürn,463.0
290,291.0,2009-04-01,BOT,Terra Alta,554.0,100.0,5 [FO+R+V+P/C+E],diürn,554.0
291,292.0,2009-04-01,HORTA DE SANT JOAN,Terra Alta,1157.0,100.0,5 [FO+R+V+P/C+E],diürn,1157.0
292,293.0,2009-05-01,PRAT DE COMTE,Terra Alta,185.0,100.0,5 [FO+R+V+P/C+E],diürn,185.0
293,294.0,2009-05-04,CASERES,Terra Alta,240.0,100.0,2 [FO+R],diürn,240.0
294,295.0,2009-05-04,CORBERA D'EBRE,Terra Alta,1019.0,97.0,5 [FO+R+V+P/C+E],diürn,98843.0
295,296.0,2009-05-04,EL PINELL DE BRAI,Terra Alta,979.0,100.0,5 [FO+R+V+P/C+E],diürn,979.0
296,297.0,2009-05-04,LA POBLA DE MASSALUCA,Terra Alta,344.0,100.0,5 [FO+R+V+P/C+E],diürn,344.0
297,298.0,2009-05-04,VILALBA DELS ARCS,Terra Alta,608.0,100.0,5 [FO+R+V+P/C+E],diürn,608.0
298,299.0,2021-03-08,AGRAMUNT,Urgell,5629.0,100.0,2 [FO+R],nocturn,5629.0
299,300.0,2024-08-09,ANGLESOLA,Urgell,1367.0,100.0,2 [FO+R],nocturn,1367.0
300,301.0,2025-06-03,BELIANES,Urgell,517.0,100.0,2 [FO+R],nocturn,517.0
301,302.0,2010-04-20,CASTELLSERÀ,Urgell,993.0,100.0,4 [FO+R+P/C+E],nocturn,993.0
302,303.0,2025-06-12,CIUTADILLA,Urgell,194.0,100.0,2 [FO+R],nocturn,194.0
303,304.0,2025-06-12,GUIMERÀ,Urgell,246.0,100.0,2 [FO+R],nocturn,246.0
304,305.0,2024-08-20,LA FULIOLA,Urgell,1238.0,100.0,2 [FO+R],nocturn,1238.0
305,306.0,2025-06-03,MALDÀ,Urgell,236.0,100.0,2 [FO+R],nocturn,236.0
306,307.0,2025-06-12,NALEC,Urgell,89.0,100.0,2 [FO+R],nocturn,89.0
307,308.0,2025-06-03,OMELLS DE NA GAIA,Urgell,121.0,100.0,2 [FO+R],nocturn,121.0
308,309.0,2024-04-01,OSSÓ DE SIÓ,Urgell,195.0,100.0,2 [FO+R],nocturn,195.0
309,310.0,2025-06-03,PREIXANA,Urgell,406.0,100.0,2 [FO+R],nocturn,406.0
310,311.0,2024-04-01,PUIGVERD D'AGRAMUNT,Urgell,240.0,100.0,2 [FO+R],nocturn,240.0
311,312.0,2025-06-12,SANT MATÍ DE RIUCORB,Urgell,673.0,100.0,2 [FO+R],nocturn,673.0
312,313.0,2024-11-06,TÀRREGA,Urgell,18542.0,100.0,2 [FO+R],nocturn,18542.0
313,314.0,2024-08-23,TORNABOUS,Urgell,851.0,100.0,2 [FO+R],nocturn,851.0
314,315.0,2025-06-03,VALLBONA DE LES MONGES,Urgell,223.0,100.0,2 [FO+R],nocturn,223.0
315,316.0,2009-11-02,VERDÚ,Urgell,886.0,100.0,5 [FO+R+V+P/C+E],diürn,886.0
316,317.0,2024-09-20,VILAGRASSA,Urgell,633.0,100.0,2 [FO+R],nocturn,633.0
317,318.0,2005-05-05,MATADEPERA,Vallès Occidental,9815.0,100.0,5 [FO+R+V+P/C+E],diürn,9815.0
318,319.0,2008-11-01,PALAU-SOLITÀ I PLEGAMANS,Vallès Occidental,15456.0,100.0,2 [FO+R],nocturn,15456.0
319,320.0,2017-11-24,VACARISSES,Vallès Occidental,7563.0,100.0,5 [FO+R+V+P/C+E],diürn,7563.0
320,321.0,2020-10-14,ULLASTRELL,Vallès Occidental,2176.0,100.0,5 [FO+R+V+P/C+E],nocturn,2176.0
321,322.0,2020-10-26,"BARBERÀ DEL VALLÈS. Barris: Can Gorgs, Can Gors II i Estació - Ca n'Estaper",Vallès Occidental,33575.0,13.0,5 [FO+R+V+P/C+E],nocturn,4364.75
322,323.0,2021-11-01,RELLINARS,Vallès Occidental,920.0,100.0,5 [FO+R+V+P/C+E],nocturn,920.0
323,324.0,2022-02-28,SENTMENAT,Vallès Occidental,9553.0,100.0,5 [FO+R+V+P/C+E],nocturn,9553.0
324,325.0,2022-04-04,SANT LLORENÇ SAVALL,Vallès Occidental,2586.0,100.0,5 [FO+R+V+P/C+E],nocturn,2586.0
325,326.0,2022-07-12,RIPOLLET,Vallès Occidental,39462.0,53.0,3 [E+P/C+R],nocturn,20914.86
326,327.0,2004-01-01,LLIÇÀ DE VALL,Vallès Oriental,6861.0,100.0,2 [FO+R],nocturn,6861.0
327,328.0,2004-10-18,SANT FELIU DE CODINES,Vallès Oriental,6661.0,92.0,4 [FO+R+P/C+E],nocturn,6128.12
328,329.0,2005-10-01,SANT ANTONI DE VILAMAJOR,Vallès Oriental,6668.0,100.0,4 [FO+R+P/C+E],nocturn,6668.0
329,330.0,2006-06-12,MARTORELLES,Vallès Oriental,4987.0,100.0,2 [FO+R],nocturn,4987.0
330,331.0,2008-10-26,AIGUAFREDA,Vallès Oriental,2576.0,100.0,3 [FO+MP+R],nocturn,2576.0
331,332.0,2009-05-17,FIGARÓ-MONTMANY,Vallès Oriental,1188.0,94.0,3 [FO+MP+R],nocturn,1116.72
332,333.0,2009-06-28,TAGAMANENT,Vallès Oriental,339.0,100.0,3 [FO+MP+R],nocturn,339.0
333,334.0,2016-11-13,SANT ESTEVE DE PALAUTORDERA,Vallès Oriental,3080.0,100.0,5 [FO+R+V+P/C+E],nocturn,3080.0
334,335.0,2018-02-05,SANTA MARIA DE MARTORELLES,Vallès Oriental,873.0,100.0,2 [FO+R],diürn,873.0
335,336.0,2018-11-15,SANTA EULÀLIA DE RONÇANA,Vallès Oriental,7911.0,100.0,5 [FO+R+V+P/C+E],nocturn,7911.0
336,337.0,2021-10-04,LLINARS DEL VALLÈS,Vallès Oriental,10740.0,100.0,5 [FO+R+V+P/C+E],nocturn,10740.0
337,338.0,2022-04-29,LA GARRIGA,Vallès Oriental,17305.0,966.0,4 [FO+R+P/C+E],nocturn,16716.63
338,339.0,2022-07-15,CARDEDEU,Vallès Oriental,19064.0,100.0,4 [FO+R+P/C+E],"Zona verda i blava nocturn, zona groga diürn",19064.0
339,,,,,,,,,910327.39
